date,airTemperature,atmPressure,netRadiation,rainfall,relativeHumidity,soilTemperature
2015-09-12,NA,994.273,75.9,0.398,NA,14.463
2015-09-13,NA,989.625,5.562,11.542,NA,14.427
2015-09-14,NA,985.125,9.081,31.447,NA,14.233
2015-09-15,NA,987.125,86.674,6.766,NA,14.095
2015-09-16,NA,983.667,54.898,0.199,NA,14.015
2015-09-17,NA,988.667,64.233,1.194,NA,13.98
2015-09-18,NA,1003.375,42.372,0,NA,13.927
2015-09-19,NA,1013.5,42.143,0,NA,13.935
2015-09-20,NA,1009.125,2.749,5.771,NA,13.977
2015-09-21,NA,1000.083,35.05,5.174,NA,14.012
2015-09-22,NA,998.333,41.112,0.597,NA,13.998
2015-09-23,NA,1000.222,10.716,0.796,NA,13.902
2015-09-24,NA,1002.417,35.412,1.99,NA,13.83
2015-09-25,NA,1011.708,48.506,0,NA,13.731
2015-09-26,NA,1015.625,45.043,0,NA,13.611
2015-09-27,NA,1019.5,40.876,0,NA,13.611
2015-09-28,NA,1020.917,41.461,0,NA,13.627
2015-09-29,NA,1022.25,28.484,0,NA,13.625
2015-09-30,NA,1022.958,53.223,0,NA,13.618
2015-10-01,NA,1021.917,37.438,0.199,NA,13.528
2015-10-02,NA,1016.174,3.856,0.199,NA,13.409
2015-10-03,NA,1006.708,87.384,0,NA,13.307
2015-10-04,NA,997.625,46.543,0,NA,13.221
2015-10-05,NA,983.417,25.231,7.96,NA,13.186
2015-10-06,NA,985.167,11.079,0.199,NA,13.222
2015-10-07,NA,1002.042,41.783,0.199,NA,13.266
2015-10-08,NA,1007.792,45.473,0.199,NA,13.184
2015-10-09,NA,1008.417,35.72,0,NA,13.042
2015-10-10,NA,1007.917,28.512,0,NA,12.976
2015-10-11,NA,1008,55.743,0,NA,12.998
2015-10-12,NA,1014.625,40.725,0,NA,12.998
2015-10-13,NA,1017.417,44.371,0,NA,12.953
2015-10-14,NA,1014.792,43.809,0,NA,12.741
2015-10-15,NA,1013.708,61.415,0,NA,12.536
2015-10-16,NA,1015.5,36.982,0,NA,12.459
2015-10-17,NA,1013.458,21.54,0,NA,12.337
2015-10-18,NA,1012.833,35.142,0,NA,12.286
2015-10-19,NA,1016.583,22.681,0,NA,12.234
2015-10-20,NA,1017.458,-0.285,2.388,NA,12.213
2015-10-21,NA,1007.292,5.885,0.398,NA,12.122
2015-10-22,NA,1007.917,21.795,0,NA,12.154
2015-10-23,NA,1002.875,12.295,0.199,NA,12.177
2015-10-24,NA,1003.458,-6.746,19.502,NA,12.189
2015-10-25,NA,1007.583,5.835,0,NA,12.149
2015-10-26,NA,990.417,-14.309,17.512,NA,11.938
2015-10-27,NA,991.5,-42.303,6.169,NA,11.865
2015-10-28,NA,989.417,-38.528,1.194,NA,11.932
2015-10-29,NA,992,-26.456,6.567,NA,11.9
2015-10-30,NA,994.583,-23.565,4.378,NA,11.848
2015-10-31,NA,1006.375,-7.495,0,NA,11.843
2015-11-01,NA,1014.958,11.636,0,NA,11.938
2015-11-02,NA,1009.083,-6.686,0,NA,11.941
2015-11-03,NA,1002.458,-14.351,0,NA,11.949
2015-11-04,NA,1000.625,22.964,0,NA,11.936
2015-11-05,NA,994,3.457,6.567,NA,11.868
2015-11-06,NA,995.792,-33.595,0.398,NA,11.889
2015-11-07,NA,1001.125,-17.488,7.562,NA,11.948
2015-11-08,NA,1000.542,-57.687,12.139,NA,11.94
2015-11-09,NA,1001.583,-30.644,4.975,NA,11.869
2015-11-10,NA,1003.917,17.851,0.199,NA,11.832
2015-11-11,NA,1003.542,-34.411,5.174,NA,11.972
2015-11-12,7.347,999.522,-44.08,1.99,82.78,12.055
2015-11-13,5.442,1006.833,-37.968,9.751,86.616,11.948
2015-11-14,11.266,1004.167,-12.471,5.174,91.083,11.656
2015-11-15,14.127,993.125,-14.84,2.587,90.804,11.456
2015-11-16,7.25,994.708,-16.653,1.99,89.475,11.544
2015-11-17,8.841,989.042,-1.139,4.378,91.14,11.526
2015-11-18,10.697,994.167,2.908,15.323,84.702,11.334
2015-11-19,8.217,1002.917,-20.089,1.194,87.286,11.264
2015-11-20,4.759,1002.958,-38.127,2.985,89.062,11.178
2015-11-21,3.658,1008.625,-30.255,6.965,91.105,10.969
2015-11-22,4.808,1009.25,-17.721,0.199,94.038,10.616
2015-11-23,5.771,1010.875,-7.999,2.985,96.096,10.334
2015-11-24,8.769,1005.833,-16.956,1.592,92.896,10.121
2015-11-25,10.235,1010.208,-4.327,0.995,92.777,10.097
2015-11-26,11.113,1011.833,-4.14,0.995,99.621,10.153
2015-11-27,7.253,1000.417,-31.181,2.189,92.083,10.292
2015-11-28,6.573,996.75,-29.68,1.393,89.263,10.345
2015-11-29,8.835,997.208,-25.991,1.791,87.331,10.17
2015-11-30,10.1,1001,-10.293,1.592,97.429,10.075
2015-12-01,12.545,1004.5,2.515,0.398,89.396,10.095
2015-12-02,9.483,1003.958,-13.905,0.398,91.767,10.244
2015-12-03,4.58,1003.25,-22.088,0.597,97.883,10.122
2015-12-04,9.546,1006.708,-20.874,0.597,87.315,9.985
2015-12-05,11.215,993.792,-23.327,0.199,94.583,9.978
2015-12-06,8.376,999.042,-22.746,1.393,93.429,10.085
2015-12-07,12.495,996.333,-18.475,3.184,92.417,10.182
2015-12-08,6.549,1003.375,-54.04,2.587,87.658,10.286
2015-12-09,9.6,1009.542,-27.18,1.592,91.763,10.126
2015-12-10,6.331,1008.083,-36.548,1.194,89.383,10.023
2015-12-11,4.957,1009.917,-34.473,0.597,89.702,9.891
2015-12-12,6.164,1001.083,-10.542,0.597,97.871,9.707
2015-12-13,7.602,1001.5,-6.336,0,97.433,9.531
2015-12-14,10.704,994.917,-21.238,0.796,95.163,9.494
2015-12-15,10.842,992.042,-17.123,0.796,97.362,9.662
2015-12-16,12.817,998.25,-8.472,0.597,96.092,9.831
2015-12-17,11.972,995.125,-31.53,2.587,93.879,10.052
2015-12-18,12.38,995.75,-19.116,4.776,95.35,10.27
2015-12-19,12.055,985.583,-27.471,2.189,92.213,10.393
2015-12-20,7.543,990.25,-42.529,0.995,88.921,10.515
2015-12-21,8.419,994.917,-28.207,0.597,88.566,10.383
2015-12-22,9.337,991.333,-24.796,2.189,91.447,10.246
2015-12-23,7.222,995.167,-37.174,1.592,89.412,10.162
2015-12-24,4.352,993.333,-42.616,1.393,90.696,9.938
2015-12-25,6.841,997.125,-18.802,0.796,95.938,9.553
2015-12-26,6.367,996.875,-15.029,0.796,98.546,9.37
2015-12-27,7.501,1000,-29.55,0.398,96.533,9.327
2015-12-28,10.813,987.875,-21.463,2.587,91.507,9.199
2015-12-29,8.77,989.167,-38.38,0.597,93.133,9.364
2015-12-30,7.338,982.167,-17.654,1.393,91.86,9.422
2015-12-31,3.355,993.375,-46.975,1.592,92.013,9.422
2016-01-01,6.067,991,-24.348,1.393,94.537,9.167
2016-01-02,6.642,986.417,-16.549,1.194,98.117,8.983
2016-01-03,7.292,968.958,-21.928,1.99,95.088,8.986
2016-01-04,6.782,965.167,-11.544,1.592,97.658,8.904
2016-01-05,6.088,976.208,-13.015,0.199,97.146,8.846
2016-01-06,4.766,978.458,-25.25,0.597,98.412,8.829
2016-01-07,3.942,978.208,-28.619,1.393,93.011,8.681
2016-01-08,3.501,980.792,-32.156,0.199,95.329,8.517
2016-01-09,3.585,970.625,-19.112,1.791,98.842,8.318
2016-01-10,2.611,969,-46.518,0.199,95.379,8.118
2016-01-11,2.74,974.792,-29.421,0.796,97.133,7.966
2016-01-12,2.908,997.875,-48.359,0.398,86.291,7.811
2016-01-13,1.971,999.708,-27.224,2.388,95.633,7.62
2016-01-14,1.326,1005.042,-34.857,1.194,96.125,7.344
2016-01-15,3.031,1017.708,-26.374,1.592,92.76,7.131
2016-01-16,3.265,1018.125,-7.237,0.199,99.6,6.966
2016-01-17,7.291,1004.917,-22.319,1.194,95.829,6.879
2016-01-18,7.413,997.292,-7.278,0.398,97.721,6.929
2016-01-19,5.871,1003.375,-10.405,0.995,98.496,7.091
2016-01-20,6.367,1002,-12.184,0.398,90.508,7.245
2016-01-21,10.922,995.125,-4.26,0.796,97.579,7.294
2016-01-22,10.046,997.167,-26.562,3.383,88.316,7.546
2016-01-23,9.835,1007.167,-19.655,0.398,93.537,7.792
2016-01-24,12.773,1003.75,1.193,0.199,95.221,7.883
2016-01-25,9.815,998.625,-21.736,0.995,90.433,8.111
2016-01-26,10.898,989.792,-12.232,2.985,95.983,8.351
2016-01-27,7.082,993.652,-27.222,1.592,90.885,8.536
2016-01-28,7.137,1005.5,-29.415,1.791,91.412,8.648
2016-01-29,9.132,999.542,-6.736,1.393,81.208,8.603
2016-01-30,3.082,999.417,-30.652,4.577,90.104,8.535
2016-01-31,9.933,995.958,-14.607,2.587,95.933,8.39
2016-02-01,9.444,1000.042,12.975,0.398,78.094,8.327
2016-02-02,3.559,1005.5,-31.351,6.965,88.594,8.408
2016-02-03,4.87,1015.292,-12.357,0.995,86.719,8.312
2016-02-04,10.064,1014.75,-4.742,1.99,95.417,8.12
2016-02-05,6.657,997.458,-25.901,12.736,94.479,8.124
2016-02-06,5.535,973.75,-11.564,5.174,90.925,8.178
2016-02-07,4.92,971.958,-20.199,11.343,91.079,8.128
2016-02-08,5.28,972.333,0.534,13.333,89.219,7.98
2016-02-09,2.728,979.458,-17.146,5.771,89.426,7.948
2016-02-10,4.073,989.958,-4.777,8.557,95.987,7.72
2016-02-11,2.271,989.083,-13.565,0.597,99.058,7.51
2016-02-12,3.425,979.792,6.174,3.98,99.912,7.41
2016-02-13,4.201,974.25,-2.089,10.149,99.283,7.37
2016-02-14,3.108,991.833,-7.068,0.796,93.858,7.301
2016-02-15,1.54,1019.875,-3.965,0.199,86.293,7.276
2016-02-16,7.354,1010.458,-5.213,14.726,90.963,7.185
2016-02-17,3.28,1002.917,-0.079,6.169,90.739,7.121
2016-02-18,2.227,1004.417,1.809,1.592,92.923,7.102
2016-02-19,7.396,998.708,-4.952,0.398,95.192,7.028
2016-02-20,9.77,998.375,-16.538,2.587,94.292,7.032
2016-02-21,10.824,997.708,-0.87,0.995,95.179,7.2
2016-02-22,5.235,1001.875,4.919,0.398,86.501,7.478
2016-02-23,1.896,1009.375,2.228,0.199,88.969,7.62
2016-02-24,0.965,1009.958,10.016,0,87.103,7.527
2016-02-25,2.771,1005.583,13.769,0.199,90.48,7.31
2016-02-26,4.068,993.542,0.152,12.935,94.642,7.138
2016-02-27,3.441,1002.042,7.816,6.169,96.233,6.999
2016-02-28,3.487,1013.125,22.739,0,84.717,6.983
2016-02-29,7.147,1009.375,-4.376,5.373,89.672,6.99
2016-03-01,8.212,998.083,-3.695,11.144,91.862,7.032
2016-03-02,5.525,996.917,20.983,6.567,86.12,7.224
2016-03-03,4.664,994.958,-5.95,3.383,93.746,7.284
2016-03-04,2.714,987.667,-0.933,5.771,92.592,7.267
2016-03-05,3.532,1000,2.359,1.194,89.516,7.194
2016-03-06,1.347,999.167,-0.594,5.174,99.329,7.067
2016-03-07,5.088,1004.625,24.744,0.796,88.15,6.907
2016-03-08,6.507,998.583,10.88,6.567,88.413,6.886
2016-03-09,5.36,1000.417,56.886,0.796,85.975,7.013
2016-03-10,7.357,1012.167,39.892,0,91.124,7.08
2016-03-11,10.014,1013.625,41.225,0,90.546,7.186
2016-03-12,9.979,1015.958,16.322,0,86.688,7.434
2016-03-13,9.504,1021.75,23.517,0,83.664,7.685
2016-03-14,7.68,1019.917,43.828,0.199,75.462,7.886
2016-03-15,7.127,1019.75,51.444,0,70.702,7.979
2016-03-16,7.54,1020.208,35.97,0,89.821,8
2016-03-17,4.852,1019.292,16.608,0,84.132,8.048
2016-03-18,3.958,1017.75,49.714,0,83.222,8.072
2016-03-19,6.183,1017.958,23.79,0,85.684,8.009
2016-03-20,5.069,1017.542,23.505,0,85.175,8.004
2016-03-21,5.047,1014.625,22.561,0,89.559,7.998
2016-03-22,6.299,1008.167,26.07,0,81.387,7.997
2016-03-23,7.459,1005.5,32.56,0.995,83.859,8.006
2016-03-24,7.433,998.708,-7.278,2.388,89.798,8.1
2016-03-25,7.73,998.458,55.511,0.199,85.64,8.191
2016-03-26,7.183,978.917,7.848,14.129,91.096,8.209
2016-03-27,4.982,976.583,14.92,4.776,88.844,8.284
2016-03-28,4.367,979.75,52.797,0.398,86.976,8.236
2016-03-29,4.054,986.542,41.016,3.98,88.047,8.154
2016-03-30,4.686,997.792,47.876,2.388,85.283,8.097
2016-03-31,5.374,1006.083,44.778,0.199,81.054,8.057
2016-04-01,8.223,996.125,-2.973,7.562,92.817,8.022
2016-04-02,6.651,993.5,17.355,2.189,97.379,8.071
2016-04-03,8.506,988,21.002,16.119,96.95,8.15
2016-04-04,7.294,991,54.888,0.398,93.387,8.293
2016-04-05,7.645,997.792,53.799,0.796,85.547,8.434
2016-04-06,6.089,998.667,173.153,5.771,84.056,8.569
2016-04-07,6.614,1005.167,36.289,3.383,89.3,8.623
2016-04-08,5.628,999.708,6.454,3.383,91.626,8.602
2016-04-09,3.021,989.833,59.729,0.796,86.185,8.556
2016-04-10,4.062,986.542,-9.54,18.308,93.321,8.473
2016-04-11,8.681,993.917,64.429,1.393,85.607,8.338
2016-04-12,6.749,994.583,75.775,0,82.415,8.347
2016-04-13,9.177,995.583,75.269,0.398,86.733,8.498
2016-04-14,8.952,997.208,17.95,2.189,90.13,8.705
2016-04-15,5.611,995.5,43.584,1.592,86.638,8.864
2016-04-16,4.512,1000.625,53.848,0,78.061,8.914
2016-04-17,4.946,1008.042,54.639,0.199,81.185,8.877
2016-04-18,8.755,1012.333,67.724,0,80.055,8.804
2016-04-19,9.776,1017.042,88.438,0,77.506,8.871
2016-04-20,9.261,1016.583,89.023,0,68.438,9.019
2016-04-21,9.772,1012.333,76.281,0,67.938,9.189
2016-04-22,10.152,1011.292,64.54,0,72.625,9.339
2016-04-23,8.496,1014.542,103.817,0,70.025,9.521
2016-04-24,6.445,1014.75,54.108,0,83.277,9.66
2016-04-25,8.694,1007.167,93.643,0.398,77.956,9.71
2016-04-26,5.988,1007.292,97.264,0,69.505,9.726
2016-04-27,4.796,1007.458,87.405,2.189,79.772,9.736
2016-04-28,5.459,1002.75,138.06,1.99,82.576,9.686
2016-04-29,5.761,1003.542,87.179,2.985,79.62,9.618
2016-04-30,7.161,1011.917,115.578,0.398,75.453,9.532
2016-05-01,12.32,1009.042,48.695,0.995,90.596,9.53
2016-05-02,9.623,1007.292,199.025,8.358,79.632,9.711
2016-05-03,8.426,1014.042,82.008,0.995,79.002,9.87
2016-05-04,10.268,1008.792,132.422,0.398,82.755,9.956
2016-05-05,10.283,1006.75,76.954,0,77.643,10.06
2016-05-06,10.654,1002.25,129.842,0,77.922,10.219
2016-05-07,9.441,994.542,6.87,10.149,93.204,10.357
2016-05-08,13.544,991.833,57.465,0.597,87.086,10.526
2016-05-09,15.098,995.208,64.305,3.98,83.832,10.654
2016-05-10,14.27,996.375,32.283,9.154,97.496,10.849
2016-05-11,14.355,995.042,28.852,1.194,96.688,11.092
2016-05-12,14.317,996.542,64.855,0.199,90.492,11.311
2016-05-13,15.956,1002.75,150.919,0,75.444,11.488
2016-05-14,12.54,1010.25,75.039,0,84.474,11.66
2016-05-15,13.054,1012.958,119.023,0,80.35,11.852
2016-05-16,11.606,1011.167,83.943,0,81.545,11.957
2016-05-17,11.733,1000.5,50.789,1.791,90.652,11.984
2016-05-18,10.75,995.708,151.171,2.786,84.479,11.984
2016-05-19,12.647,998.125,132.216,0.398,84.121,12.031
2016-05-20,11.725,996.958,18.809,4.179,91.754,12.107
2016-05-21,12.083,990.458,87.508,7.562,84.532,12.164
2016-05-22,9.485,999.417,102.165,2.985,85.512,12.181
2016-05-23,9.478,1011.583,112.13,0,75.075,12.127
2016-05-24,11.606,1009.958,122.406,0,75.532,12.015
2016-05-25,11.226,1008.833,115.959,0,74.155,11.938
2016-05-26,9.416,1006.625,38.58,0,86.9,11.957
2016-05-27,12.081,1006.125,100.803,0.995,89.06,11.933
2016-05-28,14.817,1004.458,121.355,0,81.125,11.932
2016-05-29,14.018,1005.917,112.737,0.199,86.546,12.054
2016-05-30,15.258,1011.417,142.467,0,78.065,12.221
2016-05-31,14.752,1015.625,155.012,0,78.728,12.346
2016-06-01,15.044,1017.5,166.272,0,77.014,12.477
2016-06-02,16.124,1013.25,169.631,0,67.805,12.668
2016-06-03,15.383,1007.5,165.904,0,71.564,12.818
2016-06-04,15.911,1007.875,151.781,0,71.712,12.927
2016-06-05,15.889,1008.917,105.475,0,79.712,13.029
2016-06-06,17.167,1008.958,113.932,0,79.92,13.114
2016-06-07,18.279,1012.583,145.931,0.199,79.119,13.227
2016-06-08,17.949,1013.75,140.536,0,81.246,13.381
2016-06-09,15.974,1008.75,79.349,0.398,86.082,13.586
2016-06-10,15.703,1001.958,58.422,7.761,94.561,13.722
2016-06-11,15.768,997.917,78.262,6.169,90.737,13.775
2016-06-12,15.109,995.958,101.313,3.781,90.875,13.851
2016-06-13,13.723,991.208,57.554,7.164,95.729,13.905
2016-06-14,13.247,987.583,76.425,1.99,92.037,13.931
2016-06-15,14.097,988.708,75.871,5.97,90.861,13.929
2016-06-16,13.303,996.125,85.976,1.393,83.263,13.872
2016-06-17,12.597,1004.292,85.931,0,76.92,13.807
2016-06-18,13.706,1011.5,81.543,2.388,86.54,13.716
2016-06-19,16.05,1005.792,36.185,9.95,95.058,13.704
2016-06-20,14.618,1002.083,103.267,0.398,83.601,13.724
2016-06-21,14.696,1002.917,78.921,0,81.042,13.743
2016-06-22,14.413,1004.583,102.723,0.796,81.751,13.803
2016-06-23,14.402,1005,78.931,0.597,84.161,13.842
2016-06-24,13.174,1006.958,126.375,5.97,87.718,13.867
2016-06-25,13.506,1011.458,83.154,0.199,84.071,13.907
2016-06-26,14.694,1008.75,69.485,1.194,93.883,13.896
2016-06-27,13.552,1009.667,118.785,0.199,80.793,13.895
2016-06-28,12.603,1001.375,72.833,4.179,87.686,13.896
2016-06-29,13.665,993.833,115.498,3.781,85.905,13.854
2016-06-30,11.569,996.083,8.581,4.179,94.796,13.824
2016-07-01,11.202,997.083,122.442,10.547,90.497,13.749
2016-07-02,12.008,1003.083,65.183,4.179,87.66,13.674
2016-07-03,13.153,1007.208,140.352,0,78.214,13.617
2016-07-04,14.192,1004.542,130.154,0.199,88.679,13.535
2016-07-05,14.167,1011.167,120.199,0,79.136,13.598
2016-07-06,14.716,1009.292,43.644,0.199,90.226,13.655
2016-07-07,17.088,1004.75,144.217,0,81.203,13.715
2016-07-08,15.829,1003.875,55.674,0.597,86.228,13.794
2016-07-09,17.573,998.042,111.469,10.945,90.069,13.938
2016-07-10,14.798,990,17.057,5.373,93.658,14.067
2016-07-11,13.22,998.25,61.691,0.995,89.102,14.203
2016-07-12,12.799,1005.208,93.554,0.995,83.677,14.22
2016-07-13,12.275,1012.375,84.637,2.189,85.017,14.178
2016-07-14,13.082,1015.833,83.595,9.154,85.925,14.07
2016-07-15,18.044,1012.375,51.18,0.597,92.246,14.005
2016-07-16,15.835,1013.333,24.381,4.975,98.425,14.074
2016-07-17,17.697,1012.25,47.825,0.796,95.071,14.18
2016-07-18,20.153,1009.458,176.501,0.199,74.426,14.295
2016-07-19,21.206,1002.167,151.447,0.398,80.199,14.438
2016-07-20,16.595,1000.875,99.265,0.398,84.799,14.667
2016-07-21,17.216,1002.542,61.259,1.194,91.148,14.827
2016-07-22,15.391,1008.458,71.431,0,87.111,14.896
2016-07-23,16.223,1008.917,96.664,0.597,87.687,14.942
2016-07-24,15.424,1006.458,78.944,1.393,88.925,14.994
2016-07-25,13.929,1009.083,23.181,1.194,92.65,15.014
2016-07-26,16.137,1007.625,38.477,3.184,93.708,14.945
2016-07-27,15.387,1006.833,61.297,0.597,90.932,14.896
2016-07-28,16.297,1001.333,102.84,0.796,93.108,14.892
2016-07-29,15.224,1002.792,59.025,0.597,88.7,14.922
2016-07-30,14.069,1006.75,64.385,0.597,88.166,14.927
2016-07-31,14.037,1009,62.03,0,87.636,14.92
2016-08-01,14.423,1001.417,25,12.537,99.058,14.846
2016-08-02,18.038,995.917,70.137,0.995,91.703,14.784
2016-08-03,15.006,993.208,39.667,0.796,92.054,14.785
2016-08-04,14.392,1001.208,50.173,1.592,92.94,14.815
2016-08-05,14.899,1010.167,87.851,0,85.977,14.8
2016-08-06,16.874,1012.458,84.07,0,88.677,14.751
2016-08-07,16.153,1011.792,180.642,0.199,79.837,14.749
2016-08-08,13.996,1015.542,140.685,0,78.918,14.749
2016-08-09,12.042,1020.75,87.35,0,81.229,14.709
2016-08-10,13.998,1018.375,38.066,0.995,88.778,14.594
2016-08-11,14.81,1015.25,72.46,0,87.947,14.499
2016-08-12,15.612,1011.583,39.157,1.592,87.151,14.442
2016-08-13,14.573,1013.542,44.23,0.597,88.264,14.417
2016-08-14,14.979,1015.583,58.267,0,83.888,14.435
2016-08-15,16.913,1010.458,112.232,0,79.809,14.448
2016-08-16,18.398,1003.667,117.924,0,84.35,14.46
2016-08-17,16.048,1000.375,7.401,12.935,97.246,14.537
2016-08-18,15.067,998.75,10.966,1.791,96.204,14.609
2016-08-19,15.857,982.958,39.008,6.965,92.721,14.666
2016-08-20,14.484,988.875,11.546,19.701,97.042,14.714
2016-08-21,15.588,1003.542,2.007,2.388,94.6,14.74
2016-08-22,17.487,1007.917,89.377,0.796,84.53,14.734
2016-08-23,13.852,1010.208,42.716,8.358,91.478,14.765
2016-08-24,14.057,1010.708,89.63,0,83.343,14.781
2016-08-25,12.951,1006.095,53.662,1.194,90.659,14.776
2016-08-26,14.52,1005.958,78.425,0.199,82.013,14.764
2016-08-27,15.365,1003.583,47.909,0.199,84.694,14.71
2016-08-28,15.347,1005.083,89.174,0,84.719,14.649
2016-08-29,14.619,1012.125,61.322,0,90.436,14.641
2016-08-30,16.145,1009.25,25.675,1.99,89.588,14.601
2016-08-31,13.349,1009.417,32.777,1.791,88.875,14.603
2016-09-01,13.449,1008.917,19.277,0.995,94.336,14.58
2016-09-02,15.025,1005.708,79.777,0.199,83.688,14.484
2016-09-03,15.358,997.208,55.268,11.343,92.064,14.461
2016-09-04,14.803,1001.292,38.08,8.159,92.638,14.474
2016-09-05,19.892,1003.5,89.901,4.975,89.752,14.536
2016-09-06,19.49,1008.25,63.116,0,91.828,14.64
2016-09-07,17.071,1001.083,14.539,0.199,95.25,14.819
2016-09-08,14.652,995.458,16.429,3.582,90.565,14.979
2016-09-09,13.731,993.667,-11.162,5.174,94.067,15.029
2016-09-10,12.457,1001.375,56.696,3.184,84.453,14.994
2016-09-11,13.977,996.292,37.235,2.985,91.229,14.885
2016-09-12,15.125,991.625,4.401,0.995,98.058,14.769
2016-09-13,12.567,1002.292,49.133,1.592,90.144,14.77
2016-09-14,12.282,1002.833,16.146,2.985,97.287,14.691
2016-09-15,13.986,1002.458,21.025,3.98,94.058,14.594
2016-09-16,12.047,1010.333,27.12,3.383,91.784,14.559
2016-09-17,12.662,1014.083,47.548,3.184,90.517,14.515
2016-09-18,13.632,1010.542,5.026,1.791,96.004,14.441
2016-09-19,11.533,1015.333,31.363,2.786,90.505,14.366
2016-09-20,12.431,1009.583,46.509,0.995,89.499,14.309
2016-09-21,11.265,1002.125,-9.823,0.995,92.608,14.24
2016-09-22,9.551,1006,28.46,1.194,91.317,14.146
2016-09-23,12.637,1005.167,13.95,0.597,91.505,13.973
2016-09-24,15.223,992.333,0.659,0.199,90.612,13.822
2016-09-25,10.919,1000.042,43.917,0,86.168,13.82
2016-09-26,13.03,1003.667,41.333,0.199,91.606,13.75
2016-09-27,15.109,1008.5,51.127,0.398,85.38,13.696
2016-09-28,16.873,1008.167,55.811,1.393,90.933,13.755
2016-09-29,11.918,1003.042,32.108,1.194,83.942,13.834
2016-09-30,10.006,997.833,18.073,1.393,89.462,13.853
2016-10-01,9.054,998.833,39.21,0.995,91.742,13.791
2016-10-02,9.302,1005.167,32.372,0.796,86.853,13.642
2016-10-03,14.384,1008.625,13.502,0.796,87.45,13.44
2016-10-04,14.348,1012.917,6.748,0.597,84.537,13.353
2016-10-05,13.807,1014.125,14.479,0.597,86.195,13.356
2016-10-06,11.652,1013.042,43.869,0.398,78.665,13.369
2016-10-07,10.041,1009.708,11.825,0.398,87.206,13.363
2016-10-08,12.252,1016.667,15.403,0.398,91.03,13.248
2016-10-09,11.923,1019.375,22.138,0.199,93.033,13.158
2016-10-10,11.174,1016.417,22.721,0.398,90.296,13.113
2016-10-11,8.974,1010.375,1.678,0.199,87.525,13.06
2016-10-12,8.886,1010.792,-3.632,0.199,95.475,12.956
2016-10-13,8.153,1003.333,12.833,0.398,91.513,12.817
2016-10-14,7.513,991.542,-19.26,0,95.854,12.686
2016-10-15,8.566,989.167,12.278,0.199,92.181,12.506
2016-10-16,9.824,988.25,2.776,0.199,94.254,12.341
2016-10-17,10.505,1003.25,8.97,0.199,92.323,12.261
2016-10-18,8.559,1012.792,3.377,0.199,88.359,12.221
2016-10-19,8.641,1016.375,18.726,0.199,92.233,12.154
2016-10-20,8.902,1014.708,15.628,0.199,89.788,12.078
2016-10-21,8.647,1009.792,6.209,0.199,93.096,12.041
2016-10-22,9.094,1004.375,-8.575,0.199,89.794,11.918
2016-10-23,7.633,1000.583,-2.175,0.398,90.128,11.856
2016-10-24,6.77,1003.25,-2.18,0.199,90.4,11.782
2016-10-25,5.699,1009.875,7.46,0.398,98.258,11.654
2016-10-26,11.495,1015.583,10.078,0.398,93.442,11.499
2016-10-27,12.87,1018,17.777,0.597,89.455,11.43
2016-10-28,13.383,1022.042,17.281,0.796,90.758,11.478
2016-10-29,11.211,1021.292,12.069,0.398,86.641,11.585
2016-10-30,11.586,1016.667,6.274,0.597,91.825,11.681
2016-10-31,11.46,1015.083,14.557,0.398,94.704,11.732
2016-11-01,7.318,1017.583,-7.746,0.597,87.774,11.773
2016-11-02,3.357,1017.375,-1.769,2.587,91.926,11.759
2016-11-03,7.439,1008.208,2.804,1.194,90.833,11.586
2016-11-04,6.249,1001.292,-11.872,0.398,95.367,11.381
2016-11-05,5.153,1005.292,-29.044,0.398,91.128,11.246
2016-11-06,4.038,1007.417,-33.501,0.199,90.45,11.099
2016-11-07,2.078,1010.042,-12.402,2.985,91.648,10.92
2016-11-08,6.711,996.167,-16.58,1.194,95.104,10.697
2016-11-09,6.983,995.292,-25.653,0.796,94.433,10.486
2016-11-10,7.616,1001.833,-23.692,0.995,95.537,10.392
2016-11-11,8.305,1003.792,-12.357,0.995,97.625,10.35
2016-11-12,9.798,1006.458,-17.919,1.393,95.946,10.32
2016-11-13,8.767,1017.792,-2.14,0.796,95.796,10.344
2016-11-14,13.402,1017.708,3.593,1.194,95.504,10.365
2016-11-15,11.078,1015.083,-16.414,0.995,98.092,10.443
2016-11-16,8.223,1004.625,-26.713,0.995,88.807,10.56
2016-11-17,4.337,986.375,-42.184,0.796,92.188,10.628
2016-11-18,1.814,986.208,-30.157,0.796,98.225,10.515
2016-11-19,1.951,986.667,-25.513,0.796,97.408,10.284
2016-11-20,-0.874,982.958,8.642,1.99,100,10.03
2016-11-21,1.449,986.667,-16.26,0.995,95.925,9.822
2016-11-22,3.549,998,-44.765,0.995,90.361,9.622
2016-11-23,-0.055,1010.875,-20.343,5.97,98.596,9.465
2016-11-24,-0.237,1015.625,-17.8,0.995,99.162,9.246
2016-11-25,-0.448,1014.917,3.651,4.179,100,9.019
2016-11-26,2.294,1012.083,6.093,11.343,100,8.794
2016-11-27,4.984,1014.333,6.568,2.189,96.275,8.653
2016-11-28,4.744,1017.583,-5.745,0,87.872,8.621
2016-11-29,3.326,1022.667,-18.226,0,91.706,8.623
2016-11-30,-1.362,1023.833,-28.779,0.199,96.592,8.577
2016-12-01,-0.569,1020.542,-6.332,0,98.504,8.411
2016-12-02,4.55,1015.667,-4.928,0,94.996,8.169
2016-12-03,5.562,1011.333,-4.575,0.597,93.792,7.996
2016-12-04,5.48,1008.625,-8.437,0,86.367,7.93
2016-12-05,6.875,1008.458,-8.356,0.796,94.654,7.943
2016-12-06,11.28,1006.833,-14.717,0.796,98.571,8.01
2016-12-07,12.982,1004.708,-17.314,0.199,96.7,8.151
2016-12-08,10.524,1008.25,-14.177,3.184,98.308,8.407
2016-12-09,11.897,1005.125,-25.686,0.597,94.417,8.62
2016-12-10,6.962,1009.375,-35.916,0.199,97.179,8.811
2016-12-11,6.213,1012.125,-28.776,0.199,96.737,8.877
2016-12-12,9.331,1004.875,-8.964,0.995,98.425,8.845
2016-12-13,10.425,998.333,-13.183,3.781,98.487,8.826
2016-12-14,7.093,1001.208,-28.304,11.144,97.821,8.881
2016-12-15,6.825,998.292,-33.792,11.741,95.6,8.993
2016-12-16,4.828,1012.833,-30.906,3.582,97.796,8.935
2016-12-17,3.014,1025.5,-23.662,0.199,94.371,8.882
2016-12-18,7.542,1022.458,-20.697,0,89.629,8.714
2016-12-19,6.394,1017.417,-23.226,0.199,95.933,8.578
2016-12-20,2.575,1005,-26.969,10.149,98.121,8.535
2016-12-21,5.443,1004.625,-36.585,4.179,90.271,8.379
2016-12-22,5.788,1012.542,-43.193,0.398,89.717,8.258
2016-12-23,7.767,1006.917,-42.71,7.363,89.35,8.177
2016-12-24,8.204,1011.958,-17.842,1.592,90.362,8.15
2016-12-25,10.127,1008.292,-23.448,1.592,90.954,8.202
2016-12-26,4.43,1022.625,-39.991,1.393,86.085,8.331
2016-12-27,5.859,1028.167,-19.197,0,84.707,8.373
2016-12-28,7.096,1025.167,-30.705,0.199,90.05,8.293
2016-12-29,8.237,1021.708,-18.968,0,91.55,8.252
2016-12-30,10.335,1021.625,-10.285,0.199,91.858,8.238
2016-12-31,9.216,1016.75,-8.566,0.199,90.804,8.267
2017-01-01,3.15,1014.167,-42.688,6.965,93.467,8.346
2017-01-02,-0.786,1022.75,-40.716,0,95.004,8.356
2017-01-03,-0.986,1021.333,-13.52,0.199,95.85,8.181
2017-01-04,3.905,1019.375,4.715,0,94.654,7.896
2017-01-05,6.733,1018.417,0.337,0,89.812,7.675
2017-01-06,10.539,1018.458,-3.014,15.323,99.446,7.586
2017-01-07,9.743,1021.417,3.074,3.184,99.729,7.699
2017-01-08,9.341,1019.667,-20.08,0.398,97.908,7.895
2017-01-09,7.334,1006.167,-31.632,0.995,91.517,8.061
2017-01-10,9.166,1004.375,-9.594,0.597,94.838,8.192
2017-01-11,7.25,1006.708,-28.066,0.995,85.156,8.267
2017-01-12,2.092,998.583,-35.765,1.393,95.562,8.33
2017-01-13,1.705,1010.583,-37.011,1.393,93.708,8.247
2017-01-14,4.23,1016.25,-23.553,1.791,97.933,8.077
2017-01-15,8.045,1018.208,-4.063,2.189,97.658,7.886
2017-01-16,8.652,1020.083,1.32,2.388,99.454,7.852
2017-01-17,8.213,1022.042,-1.231,2.189,99.3,7.928
2017-01-18,7.65,1024.435,-7.753,0.995,91.758,8.05
2017-01-19,5.535,1024.75,-27.158,0,88.753,8.15
2017-01-20,4.494,1019.875,-31.565,0,87.392,8.155
2017-01-21,2.084,1013.333,-13.291,0.199,91.008,8.052
2017-01-22,3.848,1011.625,-10.445,0,91.075,7.883
2017-01-23,7.085,1012.083,-18.583,0.199,92.67,7.739
2017-01-24,8.626,1008.857,-27.651,2.985,96.129,7.675
2017-01-25,NA,NA,NA,NA,NA,-999
2017-01-26,NA,NA,NA,NA,NA,-999
2017-01-27,NA,NA,NA,NA,NA,-999
2017-01-28,NA,NA,NA,NA,NA,-999
2017-01-29,NA,NA,NA,NA,NA,-999
2017-01-30,NA,NA,NA,NA,NA,-999
2017-01-31,6.901,995.25,-34.528,0,89.779,7.881
2017-02-01,7.235,985.706,-14.896,1.99,96.871,7.935
2017-02-02,NA,NA,NA,NA,NA,-999
2017-02-03,NA,NA,NA,NA,NA,-999
2017-02-04,NA,NA,NA,NA,NA,-999
2017-02-05,1.314,994.292,-18.231,0.398,92.796,8.022
2017-02-06,7.206,994.25,-21.093,10.149,92.006,7.794
2017-02-07,2.999,1003.917,-18.631,1.194,96.117,7.632
2017-02-08,3.879,1014.042,-0.326,0.199,93.312,7.558
2017-02-09,5.901,1010.083,-12.821,0.796,90.067,7.474
2017-02-10,2.088,1014.667,6.361,0,80.914,7.447
2017-02-11,1.792,1019.75,5.133,0,85.124,7.384
2017-02-12,3.002,1013,-15.477,0.796,90.138,7.308
2017-02-13,6.634,1002.5,2.91,1.194,86.239,7.249
2017-02-14,8.711,1003.875,-10.54,3.383,90.335,7.219
2017-02-15,8.335,1009.917,-16.57,0.597,89.967,7.291
2017-02-16,8.045,1015.542,-11.029,0.199,90.308,7.385
2017-02-17,10.008,1010.042,-2.253,2.786,98.083,7.504
2017-02-18,9.378,1009.25,12.444,2.587,93.759,7.653
2017-02-19,10.055,1011.75,0.77,2.985,98.271,7.836
2017-02-20,10.779,1011.083,2.767,4.378,99.371,7.98
2017-02-21,11.145,1004.458,16.46,6.567,96.671,8.195
2017-02-22,10.619,996.417,-13.882,9.751,97.942,8.406
2017-02-23,6.424,992.958,36.79,4.776,84.338,8.601
2017-02-24,5.704,1004.458,-8.924,0.995,93.787,8.655
2017-02-25,9.104,993.333,-3.478,2.786,93.258,8.567
2017-02-26,7.269,985.208,12.052,6.567,90.426,8.55
2017-02-27,2.057,974.708,-5.887,3.582,93.467,8.554
2017-02-28,3.57,982.042,24.505,4.179,90.143,8.482
2017-03-01,4.236,987.333,-1.9,5.572,89.779,8.322
2017-03-02,4.943,994.083,-9.832,5.373,86.481,8.171
2017-03-03,5.778,978.042,-1.856,29.651,99.817,7.989
2017-03-04,5.07,975.125,31.65,7.164,92.908,7.921
2017-03-05,4.758,979.75,-7.384,8.955,91.996,7.943
2017-03-06,4.512,995.958,11.122,4.776,91.105,7.921
2017-03-07,7.308,1000.583,12.917,3.582,94.704,7.847
2017-03-08,9.397,1000.583,21.468,0.597,93.748,7.881
2017-03-09,9.531,1008.875,31.058,0,90.066,8.047
2017-03-10,10.037,1006.583,3.151,0.199,94.246,8.222
2017-03-11,11.227,1002.542,51.523,1.592,85.063,8.369
2017-03-12,7.755,1000,-40.56,0.796,96.343,8.457
2017-03-13,NA,NA,NA,NA,NA,-999
2017-03-14,NA,NA,NA,NA,NA,-999
2017-03-15,NA,NA,NA,NA,NA,-999
2017-03-16,NA,NA,NA,NA,NA,-999
2017-03-17,NA,NA,NA,NA,NA,-999
2017-03-18,NA,NA,NA,NA,NA,-999
2017-03-19,NA,NA,NA,NA,NA,-999
2017-03-20,NA,NA,NA,NA,NA,-999
2017-03-21,NA,NA,NA,NA,NA,-999
2017-03-22,5.817,1000,50.08,0.597,73.853,-999
2017-03-23,5.559,1010.167,26.291,0,85.572,-999
2017-03-24,6.146,1019.667,62.746,0.199,84.774,8.905
2017-03-25,7.639,1019.583,67.502,0,75.496,8.819
2017-03-26,9.497,1011.792,59.895,0,65.591,8.707
2017-03-27,10.969,1007.792,55.422,0,74.232,8.652
2017-03-28,10.327,1001.417,31.321,1.393,89.193,8.715
2017-03-29,11.863,999.5,19.76,1.592,94.475,8.858
2017-03-30,11.831,996.208,14.813,1.592,93.662,9.01
2017-03-31,10.159,989.25,45.218,7.363,89.979,9.17
2017-04-01,8.615,1001.125,111.226,0.398,88.922,9.295
2017-04-02,7.701,1010.833,67.602,0,85.588,9.391
2017-04-03,10.351,1006.167,44.07,9.353,93.008,9.524
2017-04-04,8.458,1020.833,57.752,0,77.381,9.62
2017-04-05,8.587,1024.833,37.641,0,79.725,9.691
2017-04-06,8.447,1021.958,55.556,0,79.022,9.717
2017-04-07,9.073,1015.875,83.739,0,79.995,9.746
2017-04-08,9.235,1008.458,82.39,0.199,86.739,9.798
2017-04-09,10.311,1009.917,40.871,0.199,88.075,9.873
2017-04-10,7.143,1020.042,61.223,0,81.823,9.904
2017-04-11,7.344,1018.792,43.563,0,85.961,9.904
2017-04-12,9.573,1012.042,41.433,0.398,88.446,9.899
2017-04-13,9.055,1009.583,49.487,0,87.516,9.899
2017-04-14,9.639,1006.5,21.512,2.587,95.963,9.94
2017-04-15,7.747,1011.75,53.426,0,85.15,10.004
2017-04-16,9.074,1013.875,35.617,0.597,89.842,10.033
2017-04-17,9.241,1015.875,54.172,0,85.717,10.045
2017-04-18,9.526,1021.417,49.281,0.199,87.235,10.07
2017-04-19,10.766,1025.292,77.598,0,86.062,10.111
2017-04-20,10.717,1025.917,98.214,0,78.849,10.175
2017-04-21,10.039,1023.625,77.211,0,83.427,10.221
2017-04-22,9.522,1021.167,40.647,0,83.48,10.279
2017-04-23,11.013,1016.042,53.637,0,82.753,10.322
2017-04-24,9.004,1009.958,76.053,0.199,82.673,10.366
2017-04-25,3.726,1011.875,60.65,3.383,82.845,10.408
2017-04-26,4.265,1013.75,50.257,0.597,82.569,10.357
2017-04-27,6.958,1012.958,51.063,0,87.484,10.185
2017-04-28,8.475,1006.917,66.988,0,80.55,10.097
2017-04-29,9,993.875,32.694,3.781,86.978,10.065
2017-04-30,10.204,982.667,115.609,3.781,79.895,10.066
2017-05-01,10.649,996.917,120.004,0,79.16,10.116
2017-05-02,12.328,1008.667,114.926,0,78.792,10.176
2017-05-03,10.421,1014.625,124.87,0,72.72,10.286
2017-05-04,9.423,1013.208,29.881,0,77.133,10.384
2017-05-05,10.275,1008.5,98.578,0,73.429,10.407
2017-05-06,9.449,1004.609,50.601,0,81.47,10.411
2017-05-07,11.213,1013.083,99.536,0,79.68,10.426
2017-05-08,15.452,1017.059,187.894,0,67.368,10.457
2017-05-09,10.036,1010.917,135.974,0,77.492,10.496
2017-05-10,10.637,996.292,129.606,0,81.047,10.547
2017-05-11,10.252,984.458,120.712,0,82.345,10.596
2017-05-12,11.301,983.875,60.076,0.6,88.658,10.625
2017-05-13,10.622,989.375,47.434,5.6,89.967,10.708
2017-05-14,10.775,1001.625,138.145,2.8,82.195,10.747
2017-05-15,14.057,998.917,65.995,3,94.271,10.778
2017-05-16,13.748,1004.75,220.261,1,77.703,10.883
2017-05-17,10.514,1005.333,114.744,1.2,81.996,11.022
2017-05-18,8.994,1001.625,89.068,5,85.984,11.085
2017-05-19,8.451,1002,94.004,3.2,90.817,11.093
2017-05-20,9.805,1004.042,90.472,2.4,87.385,11.056
2017-05-21,12.398,1004.333,74.479,0.2,85.605,11.074
2017-05-22,14.01,1001.458,135.751,0,82.525,11.137
2017-05-23,15.988,1010.042,103.431,0,89.379,11.257
2017-05-24,15.82,1014.5,123.001,0,89.395,11.418
2017-05-25,16.131,1008.958,148.56,0,87.462,11.591
2017-05-26,16.365,1001.208,24.478,1,87.996,11.801
2017-05-27,13.038,1002.292,79.254,21.8,93.634,11.973
2017-05-28,12.549,1007.25,119.477,0.6,88.808,12.091
2017-05-29,13.45,1001.708,64.525,0,90.213,12.173
2017-05-30,13.765,1004.458,129.616,2,84.417,12.21
2017-05-31,12.871,1007.375,109.714,0,85.115,12.244
2017-06-01,13.058,1004.833,26.304,7.2,91.971,12.307
2017-06-02,12.32,1005.375,130.468,0,78.075,12.346
2017-06-03,11.801,1002.708,101.852,4,81.401,12.369
2017-06-04,11.122,1001.083,94.697,7,82.382,12.406
2017-06-05,10.77,988.75,23.511,19.6,94.425,12.406
2017-06-06,10.643,994.125,190.128,6,87.159,12.398
2017-06-07,11.593,998.292,41.018,4.4,92.957,12.363
2017-06-08,13.381,990.042,144.494,15.2,91.282,12.326
2017-06-09,12.127,995.708,69.034,6.2,89.956,-999
2017-06-10,15.287,993.958,164.357,3.4,87.661,-999
2017-06-11,13.011,997.292,122.125,1.6,87.279,-999
2017-06-12,12.805,1006.542,50.302,2.8,90.099,-999
2017-06-13,14.399,1006.792,114.736,0,88.02,-999
2017-06-14,14.445,1002.364,107.747,0,84.062,-999
2017-06-15,NA,NA,NA,NA,NA,-999
2017-06-16,NA,NA,NA,NA,NA,-999
2017-06-17,NA,NA,NA,NA,NA,-999
2017-06-18,NA,NA,NA,NA,NA,-999
2017-06-19,19.918,1009.565,166.691,0,77.594,-999
2017-06-20,16.55,1010,-12.13,0,91.8,-999
2017-06-21,19.446,1000.929,195.602,0,81.258,-999
2017-06-22,14.38,1003.583,148.241,0.4,82.728,-999
2017-06-23,15.348,1002.75,66.888,0.2,88.846,-999
2017-06-24,14.424,1003.5,148.613,0,84.705,-999
2017-06-25,13.533,1003.208,99.509,1.4,85.705,-999
2017-06-26,12.172,1002.042,40.963,12.6,93.275,-999
2017-06-27,16.123,992.5,137.954,1.6,85.482,-999
2017-06-28,14.018,990.708,92.32,3,86.374,-999
2017-06-29,12.575,992.571,95.379,2.2,86.167,-999
2017-06-30,13.018,NA,167.525,0,73.683,-999
2017-07-01,12.852,NA,63.117,0.2,90.902,-999
2017-07-02,14.801,NA,154.262,0,80.955,-999
2017-07-03,15.226,NA,53.689,1.6,93.854,-999
2017-07-04,14.24,NA,-4.565,0,93.5,-999
2017-07-05,NA,NA,NA,NA,NA,-999
2017-07-06,NA,NA,NA,NA,NA,-999
2017-07-07,NA,NA,NA,NA,NA,-999
2017-07-08,NA,NA,NA,NA,NA,-999
2017-07-09,NA,NA,NA,NA,NA,-999
2017-07-10,NA,NA,NA,NA,NA,-999
2017-07-11,NA,NA,NA,NA,NA,-999
2017-07-12,NA,NA,NA,NA,NA,-999
2017-07-13,NA,NA,NA,NA,NA,-999
2017-07-14,NA,NA,NA,NA,NA,-999
2017-07-15,NA,NA,NA,NA,NA,-999
2017-07-16,NA,NA,NA,NA,NA,-999
2017-07-17,NA,NA,NA,NA,NA,-999
2017-07-18,NA,NA,NA,NA,NA,-999
2017-07-19,NA,NA,NA,NA,NA,-999
2017-07-20,NA,NA,NA,NA,NA,-999
2017-07-21,NA,NA,NA,NA,NA,-999
2017-07-22,NA,NA,NA,NA,NA,-999
2017-07-23,NA,NA,NA,NA,NA,-999
2017-07-24,NA,NA,NA,NA,NA,-999
2017-07-25,NA,NA,NA,NA,NA,-999
2017-07-26,NA,NA,NA,NA,NA,-999
2017-07-27,NA,NA,NA,NA,NA,-999
2017-07-28,NA,NA,NA,NA,NA,-999
2017-07-29,NA,NA,NA,NA,NA,-999
2017-07-30,NA,NA,NA,NA,NA,-999
2017-07-31,15.003,NA,135.555,0,79.953,-999
2017-08-01,14,NA,90.398,2,85.317,-999
2017-08-02,15.662,NA,110.19,2.2,87.189,-999
2017-08-03,14.868,NA,79.087,2.4,88.673,-999
2017-08-04,14.23,NA,68.008,0.2,87.102,-999
2017-08-05,12.973,NA,116.456,3.4,84.937,-999
2017-08-06,12.961,1005.667,9.428,4.4,93.983,-999
2017-08-07,13.379,1005.4,86.147,0.2,84.75,-999
2017-08-08,12.652,1004,94.985,4.6,87.055,-999
2017-08-09,13.86,1012.294,120.908,0,81.993,-999
2017-08-10,13.026,1015.667,74.626,0,85.422,-999
2017-08-11,15.442,1004.5,47.024,1,91.921,-999
2017-08-12,14.126,1008.667,88.332,0,81.12,-999
2017-08-13,12.778,1008.125,68.447,2,87.71,-999
2017-08-14,14.438,1000.083,15.622,13.4,95.129,-999
2017-08-15,13.755,1003.833,99.265,0,83.92,-999
2017-08-16,16.157,998.522,54.881,1.2,90.596,-999
2017-08-17,14.245,996.125,172.287,4.2,88.848,-999
2017-08-18,11.988,1000.083,26.396,5.2,92.162,-999
2017-08-19,12.855,1008.261,69.592,0.6,84.368,-999
2017-08-20,15.041,1007.87,22.569,5.4,96.367,-999
2017-08-21,18.374,1006.958,93.051,1.8,92.201,-999
2017-08-22,15.653,1002.292,10.239,0.4,96.646,-999
2017-08-23,14.28,1001.542,66.322,0,89.237,-999
2017-08-24,14.377,1004.125,40.857,0.2,87.427,-999
2017-08-25,15.085,1004.875,55.431,0,87.852,-999
2017-08-26,16.307,1005.818,79.252,0.8,89.59,-999
2017-08-27,17.687,1003.5,66.052,0,90.393,-999
2017-08-28,15.516,1004.929,22.542,5.6,93.571,-999
2017-08-29,11.67,1000.556,42.231,0.4,89.581,-999
2017-08-30,12.049,1004,54.793,1,86.76,-999
2017-08-31,12.153,1008.167,62.472,4.8,89.597,-999
2017-09-01,11.43,1013,83.825,0.2,87.463,-999
2017-09-02,11.758,1004.471,13.33,7.8,94.096,-999
2017-09-03,18.462,992.261,71.281,1.8,92.76,-999
2017-09-04,15.781,998,20.349,2.4,95.021,-999
2017-09-05,13.625,1002.261,86.616,4.2,85.446,-999
2017-09-06,13.586,1009.333,44.145,0,86.645,-999
2017-09-07,14.04,1001.208,34.087,4.4,94.021,-999
2017-09-08,12.979,990.958,76.953,3.4,91.797,-999
2017-09-09,12.778,993.583,62.717,1,90.802,-999
2017-09-10,12.131,985.625,59.09,8,91.175,-999
2017-09-11,12.291,988.542,64.334,6.6,90.386,-999
2017-09-12,11.265,989.958,26.108,1.8,92.312,-999
2017-09-13,9.956,991.375,49.798,3.4,88.225,-999
2017-09-14,11.249,1005.625,55.842,1,86.584,-999
2017-09-15,11.077,1009.792,43.402,1,89.033,-999
2017-09-16,9.82,1006.792,21.225,4.8,94.792,-999
2017-09-17,9.645,1007.542,54.426,0,91.444,-999
2017-09-18,10.011,1011.167,56.934,0,88.707,-999
2017-09-19,12.833,1008.375,22.065,0,92.729,-999
2017-09-20,12.91,1000.792,7.068,18.2,97.371,-999
2017-09-21,10.649,1002.958,59.063,0.2,87.62,-999
2017-09-22,13.228,1001.25,41.655,5.8,88.321,-999
2017-09-23,14.617,999.875,16.511,3.8,92.438,-999
2017-09-24,12.9,1005.042,33.946,2.2,92.921,-999
2017-09-25,11.303,1010.042,47.62,0.2,89.819,-999
2017-09-26,14.2,1006.833,24.159,0,90.633,-999
2017-09-27,13.301,999.25,-2.447,15.4,97.425,-999
2017-09-28,11.413,1000.458,-4.601,2.2,94.654,-999
2017-09-29,11.115,999.917,62.167,1.2,85.72,-999
2017-09-30,10.601,1000.375,25.831,0,91.096,-999
2017-10-01,13.88,995.292,30.436,1,89.429,-999
2017-10-02,11.257,1005.375,11.077,1.6,84.515,-999
2017-10-03,9.357,1015.708,25.366,0,85.003,-999
2017-10-04,12.064,1009.458,30.644,0.2,88.208,-999
2017-10-05,11.315,1013.375,36.836,3.4,87.849,-999
2017-10-06,9.165,1016.125,19.898,1,94.771,-999
2017-10-07,12.399,1009.708,22.498,0.4,94.554,-999
2017-10-08,10.927,1010.571,42.92,0.4,94.881,-999
2017-10-09,NA,NA,NA,NA,NA,-999
2017-10-10,NA,NA,NA,NA,NA,-999
2017-10-11,NA,NA,NA,NA,NA,-999
2017-10-12,NA,NA,NA,NA,NA,-999
2017-10-13,NA,NA,NA,NA,NA,-999
2017-10-14,NA,NA,NA,NA,NA,-999
2017-10-15,12.107,1000,-1.331,0.4,97.287,-999
2017-10-16,13.146,986.125,24.384,6.4,90.825,-999
2017-10-17,9.588,1004.75,6.518,0.4,86.724,-999
2017-10-18,7.816,997.722,-0.007,1,97.722,-999
2017-10-19,NA,NA,NA,NA,NA,-999
2017-10-20,NA,NA,NA,NA,NA,-999
2017-10-21,NA,NA,NA,NA,NA,-999
2017-10-22,NA,NA,NA,NA,NA,-999
2017-10-23,NA,NA,NA,NA,NA,-999
2017-10-24,NA,NA,NA,NA,NA,-999
2017-10-25,NA,NA,NA,NA,NA,-999
2017-10-26,NA,NA,NA,NA,NA,-999
2017-10-27,NA,NA,NA,NA,NA,-999
2017-10-28,NA,NA,NA,NA,NA,-999
2017-10-29,NA,NA,NA,NA,NA,-999
2017-10-30,NA,NA,NA,NA,NA,-999
2017-10-31,NA,NA,NA,NA,NA,-999
2017-11-01,NA,NA,NA,NA,NA,-999
2017-11-02,NA,NA,NA,NA,NA,-999
2017-11-03,NA,NA,NA,NA,NA,-999
2017-11-04,NA,NA,NA,NA,NA,-999
2017-11-05,NA,NA,NA,NA,NA,-999
2017-11-06,NA,NA,NA,NA,NA,-999
2017-11-07,NA,NA,NA,NA,NA,-999
2017-11-08,NA,NA,NA,NA,NA,-999
2017-11-09,NA,NA,NA,NA,NA,-999
2017-11-10,NA,NA,NA,NA,NA,-999
2017-11-11,NA,NA,NA,NA,NA,-999
2017-11-12,NA,NA,NA,NA,NA,-999
2017-11-13,NA,NA,NA,NA,NA,-999
2017-11-14,NA,NA,NA,NA,NA,-999
2017-11-15,NA,NA,NA,NA,NA,-999
2017-11-16,NA,NA,NA,NA,NA,-999
2017-11-17,NA,NA,NA,NA,NA,-999
2017-11-18,NA,NA,NA,NA,NA,-999
2017-11-19,NA,NA,NA,NA,NA,-999
2017-11-20,NA,NA,NA,NA,NA,-999
2017-11-21,NA,NA,NA,NA,NA,-999
2017-11-22,NA,NA,NA,NA,NA,-999
2017-11-23,NA,NA,NA,NA,NA,-999
2017-11-24,NA,NA,NA,NA,NA,-999
2017-11-25,NA,NA,NA,NA,NA,-999
2017-11-26,NA,NA,NA,NA,NA,-999
2017-11-27,NA,NA,NA,NA,NA,-999
2017-11-28,NA,NA,NA,NA,NA,-999
2017-11-29,NA,NA,NA,NA,NA,-999
2017-11-30,NA,NA,NA,NA,NA,-999
2017-12-01,NA,NA,NA,NA,NA,-999
2017-12-02,NA,NA,NA,NA,NA,-999
2017-12-03,NA,NA,NA,NA,NA,-999
2017-12-04,NA,NA,NA,NA,NA,-999
2017-12-05,NA,NA,NA,NA,NA,-999
2017-12-06,NA,NA,NA,NA,NA,-999
2017-12-07,NA,NA,NA,NA,NA,-999
2017-12-08,NA,NA,NA,NA,NA,-999
2017-12-09,NA,NA,NA,NA,NA,-999
2017-12-10,NA,NA,NA,NA,NA,-999
2017-12-11,NA,NA,NA,NA,NA,-999
2017-12-12,NA,NA,NA,NA,NA,-999
2017-12-13,NA,NA,NA,NA,NA,-999
2017-12-14,NA,NA,NA,NA,NA,-999
2017-12-15,NA,NA,NA,NA,NA,-999
2017-12-16,NA,NA,NA,NA,NA,-999
2017-12-17,NA,NA,NA,NA,NA,-999
2017-12-18,NA,NA,NA,NA,NA,-999
2017-12-19,NA,NA,NA,NA,NA,-999
2017-12-20,NA,NA,NA,NA,NA,-999
2017-12-21,NA,NA,NA,NA,NA,-999
2017-12-22,NA,NA,NA,NA,NA,-999
2017-12-23,NA,NA,NA,NA,NA,-999
2017-12-24,NA,NA,NA,NA,NA,-999
2017-12-25,NA,NA,NA,NA,NA,-999
2017-12-26,NA,NA,NA,NA,NA,-999
2017-12-27,NA,NA,NA,NA,NA,-999
2017-12-28,NA,NA,NA,NA,NA,-999
2017-12-29,NA,NA,NA,NA,NA,-999
2017-12-30,NA,NA,NA,NA,NA,-999
2017-12-31,NA,NA,NA,NA,NA,-999
2018-01-01,NA,NA,NA,NA,NA,-999
2018-01-02,NA,NA,NA,NA,NA,-999
2018-01-03,NA,NA,NA,NA,NA,-999
2018-01-04,NA,NA,NA,NA,NA,-999
2018-01-05,NA,NA,NA,NA,NA,-999
2018-01-06,NA,NA,NA,NA,NA,-999
2018-01-07,NA,NA,NA,NA,NA,-999
2018-01-08,NA,NA,NA,NA,NA,-999
2018-01-09,NA,NA,NA,NA,NA,-999
2018-01-10,6.222,NA,-2.74,17,96.764,-999
2018-01-11,3.831,NA,-8.139,0.4,97.925,-999
2018-01-12,7.788,NA,-17.753,16,93.592,-999
2018-01-13,7.921,NA,-20.938,11.2,94.304,-999
2018-01-14,6.14,NA,-12.555,3.4,96.475,-999
2018-01-15,7.662,NA,-16.209,12.2,92.963,-999
2018-01-16,2.747,NA,-29.922,7.2,90.896,-999
2018-01-17,5.131,NA,-24.129,8.8,88.978,-999
2018-01-18,3.784,NA,-26.981,7.4,93.371,-999
2018-01-19,2.17,NA,-23.428,10.2,95.475,-999
2018-01-20,6.936,NA,3.972,5,91.769,-999
2018-01-21,10.008,NA,-4.877,8,92.9,-999
2018-01-22,8.278,NA,-0.993,0.2,89.825,-999
2018-01-23,10.931,NA,0.882,NA,88.071,-999
2018-01-24,6.94,NA,-12.232,NA,85.833,-999
2018-01-25,5.06,NA,-34.111,NA,91.121,-999
2018-01-26,5.128,NA,-24.534,NA,94.992,-999
2018-01-27,10.372,NA,-5.456,NA,94.904,-999
2018-01-28,11.412,NA,8.646,NA,90.688,-999
2018-01-29,6.981,NA,-9.711,NA,90.63,-999
2018-01-30,4.773,NA,1.479,NA,91.438,-999
2018-01-31,4.352,NA,-18.628,NA,88.588,-999
2018-02-01,3.743,NA,-32.408,NA,87.457,-999
2018-02-02,3.611,NA,-15.13,NA,89.564,-999
2018-02-03,3.829,NA,-28.109,NA,90.064,-999
2018-02-04,2.571,NA,-17.397,NA,93.2,-999
2018-02-05,2.352,NA,3.085,NA,88.275,-999
2018-02-06,1.473,NA,-18.302,NA,88.748,-999
2018-02-07,2.423,NA,-1.189,NA,94.183,-999
2018-02-08,6.634,NA,-7.884,NA,91.669,-999
2018-02-09,1.954,NA,-19.95,NA,91.325,-999
2018-02-10,8.207,NA,-6.552,NA,90.454,-999
2018-02-11,0.76,NA,-24.386,NA,94.078,-999
2018-02-12,2.234,NA,-5.775,NA,91.828,-999
2018-02-13,2.18,NA,-7.457,NA,89.81,-999
2018-02-14,6.765,NA,-6.881,NA,86.145,-999
2018-02-15,2.784,NA,4.835,NA,84.654,-999
2018-02-16,4.065,NA,-18.433,NA,91.141,-999
2018-02-17,4.838,NA,-10.389,NA,92.7,-999
2018-02-18,8.728,NA,3.3,NA,95.446,-999
2018-02-19,8.169,NA,-6.531,NA,93.396,-999
2018-02-20,3.971,NA,-1.623,NA,89.328,-999
2018-02-21,2.513,NA,6.897,NA,90.954,-999
2018-02-22,5.119,NA,-10.636,NA,86.759,-999
2018-02-23,4.906,NA,9.24,NA,81.832,-999
2018-02-24,4.051,NA,1.53,NA,80.198,-999
2018-02-25,3.307,NA,20.287,NA,82.172,-999
2018-02-26,1.679,NA,-7.616,NA,75.647,-999
2018-02-27,-0.558,NA,9.343,NA,80.39,-999
2018-02-28,-3.16,NA,4.698,NA,86.8,-999
2018-03-01,-3.933,NA,0.724,NA,84.224,-999
2018-03-02,-1.035,NA,-30.35,NA,96.15,-999
2018-03-03,0.167,NA,-13.092,NA,95.292,-999
2018-03-04,1.829,NA,5.521,NA,95.2,-999
2018-03-05,2.437,NA,12.713,NA,96.696,-999
2018-03-06,3.858,NA,25.972,NA,90.573,-999
2018-03-07,2.915,NA,21.272,NA,88.569,-999
2018-03-08,3.533,NA,47.177,NA,88.591,-999
2018-03-09,2.208,NA,3.347,NA,94.042,-999
2018-03-10,8.372,NA,23.567,NA,91.846,-999
2018-03-11,8.803,NA,28.669,NA,89.53,-999
2018-03-12,6.22,NA,7.327,NA,93.625,-999
2018-03-13,5.216,NA,21.405,NA,90.497,-999
2018-03-14,9.154,NA,-7.473,NA,93.629,-999
2018-03-15,8.272,NA,28.064,NA,92.829,-999
2018-03-16,6.578,NA,8.373,NA,91.821,-999
2018-03-17,3.192,NA,-15.687,NA,88.015,-999
2018-03-18,-1.149,NA,-2.94,NA,90.442,-999
2018-03-19,1.295,NA,28.28,NA,78.568,-999
2018-03-20,1.66,NA,54.159,NA,79.734,-999
2018-03-21,4.69,NA,36.783,NA,80.584,-999
2018-03-22,7.752,NA,2.753,NA,89.475,-999
2018-03-23,6.173,NA,18.8,NA,86.249,-999
2018-03-24,5.965,NA,58.862,NA,82.205,-999
2018-03-25,4.206,NA,40.724,NA,84.2,-999
2018-03-26,6.214,NA,12.025,NA,93.237,-999
2018-03-27,7.412,NA,64.673,NA,85.169,-999
2018-03-28,4.211,NA,43.751,NA,86.858,7.315
2018-03-29,4.568,NA,64.976,NA,83.317,7.406
2018-03-30,3.73,NA,20.175,NA,89.85,7.448
2018-03-31,4.306,NA,41.068,NA,84.041,7.483
2018-04-01,1.778,NA,3.475,NA,92.408,7.477
2018-04-02,5.405,NA,20.609,NA,94.579,7.425
2018-04-03,8.269,NA,32.06,NA,88.384,7.394
2018-04-04,5.216,NA,72.742,NA,80.31,7.461
2018-04-05,4.419,NA,19.063,NA,86.904,7.558
2018-04-06,9.469,NA,150.225,NA,89.243,7.586
2018-04-07,8.833,NA,21.606,NA,90.405,7.749
2018-04-08,8.732,NA,44.34,NA,91.131,7.981
2018-04-09,8.586,NA,53.649,NA,90.044,8.2
2018-04-10,7.955,NA,1.245,NA,93.642,8.351
2018-04-11,8.103,NA,24.375,NA,92.55,8.476
2018-04-12,9.229,NA,34.834,NA,88.592,8.543
2018-04-13,10.063,NA,85.04,NA,84.819,8.646
2018-04-14,9.939,NA,23.545,NA,89.571,8.828
2018-04-15,10.335,NA,43.447,NA,91.225,8.97
2018-04-16,8.999,NA,4.58,NA,90.592,9.095
2018-04-17,11.88,NA,69.503,NA,87.219,9.251
2018-04-18,11.859,NA,44.283,NA,91.617,9.358
2018-04-19,13.017,NA,92.948,NA,80.62,9.505
2018-04-20,10.523,NA,102.553,NA,79.81,9.688
2018-04-21,10.304,NA,115.462,NA,74.024,9.793
2018-04-22,9.917,NA,123.657,NA,85.345,9.889
2018-04-23,10.027,NA,46.85,NA,86.216,9.982
2018-04-24,9.046,NA,20.58,NA,89.308,10.069
2018-04-25,7.789,NA,162.903,NA,84.403,10.103
2018-04-26,7.517,NA,66.535,NA,82.099,10.107
2018-04-27,7.111,NA,25.972,NA,87.637,10.095
2018-04-28,6.598,NA,69.657,NA,86.333,10.055
2018-04-29,6.631,NA,79.952,NA,82.338,9.994
2018-04-30,6.736,NA,84.415,NA,78.525,9.934
2018-05-01,8.467,NA,19.91,NA,91.392,9.899
2018-05-02,8.096,NA,101.02,NA,82.957,9.85
2018-05-03,9.656,NA,18.634,NA,89.925,9.86
2018-05-04,13.063,NA,111.43,NA,88.249,9.903
2018-05-05,13.941,NA,153.139,NA,82.245,10.036
2018-05-06,13.44,NA,152.248,NA,84.431,10.244
2018-05-07,13.15,NA,99.716,NA,86.117,10.429
2018-05-08,11.535,NA,123.061,NA,81.972,10.664
2018-05-09,8.981,NA,41.301,NA,84.073,10.974
2018-05-10,8.91,NA,98.713,NA,77.299,10.968
2018-05-11,8.739,NA,62.926,NA,82.536,10.938
2018-05-12,8.222,NA,86.521,NA,80.488,10.923
2018-05-13,9.326,NA,114.729,NA,81.095,10.86
2018-05-14,13.285,NA,69.702,NA,85.661,10.8
2018-05-15,11.731,NA,22.737,NA,89.688,10.797
2018-05-16,9.943,NA,136.567,NA,73.485,10.931
2018-05-17,10.335,NA,87.671,NA,77.858,10.969
2018-05-18,13.192,NA,125.291,NA,75.209,11
2018-05-19,12.795,NA,122.174,NA,77.836,11.085
2018-05-20,12.727,NA,22.082,NA,90.829,11.171
2018-05-21,10.945,NA,19.71,NA,91.408,11.211
2018-05-22,11.101,NA,152.023,NA,77.435,11.294
2018-05-23,14.265,NA,152.699,NA,76.1,11.361
2018-05-24,13.354,NA,102.111,NA,79.996,11.372
2018-05-25,16.811,NA,152.222,NA,76.575,11.433
2018-05-26,15.398,NA,81.956,NA,83.84,11.628
2018-05-27,14.631,NA,33.982,NA,88.625,11.791
2018-05-28,18.108,NA,115.103,NA,80.269,11.986
2018-05-29,18.544,NA,141.946,NA,78.609,12.089
2018-05-30,17.11,NA,153.116,NA,80.695,12.274
2018-05-31,17.906,NA,129.799,NA,80.209,12.408
2018-06-01,17.479,NA,78.839,NA,84.659,12.731
2018-06-02,15.985,NA,87.796,NA,84.972,13.127
2018-06-03,15.602,NA,80.38,NA,81.618,13.19
2018-06-04,16.482,NA,133.433,NA,81.452,13.24
2018-06-05,17.418,NA,107.756,NA,82.193,13.361
2018-06-06,18.075,NA,143.353,NA,76.116,13.412
2018-06-07,18.462,NA,151.54,NA,74.543,13.542
2018-06-08,17.767,NA,140.184,NA,76.787,13.662
2018-06-09,16.812,NA,158.584,NA,79.75,13.768
2018-06-10,14.272,NA,49.796,NA,85.737,13.85
2018-06-11,14.821,NA,68.508,NA,81.516,13.96
2018-06-12,14.573,NA,88.409,NA,78.947,13.922
2018-06-13,12.745,NA,26.742,NA,87.15,13.889
2018-06-14,14.003,NA,132.57,NA,76.393,13.794
2018-06-15,11.76,NA,64.162,NA,82.358,13.794
2018-06-16,12.391,NA,77.398,NA,82.797,13.735
2018-06-17,13.875,NA,81.083,NA,85.091,13.664
2018-06-18,14.198,NA,72.243,NA,87.004,13.646
2018-06-19,15.919,NA,127.73,NA,85.242,13.667
2018-06-20,13.678,NA,103.341,NA,78.854,13.767
2018-06-21,12.263,NA,123.559,NA,70.882,13.827
2018-06-22,12.878,NA,165.815,NA,70.799,13.695
2018-06-23,15.296,NA,168.814,NA,69.776,13.599
2018-06-24,17.227,NA,172.042,NA,61.095,13.558
2018-06-25,17.724,NA,149.052,NA,63.832,13.546
2018-06-26,20.891,NA,171.623,NA,62.372,13.588
2018-06-27,21.78,NA,167.265,NA,60.479,13.739
2018-06-28,21.555,NA,169.624,NA,59.85,13.908
2018-06-29,22.422,NA,163.353,NA,60.974,14.385
2018-06-30,19.273,NA,121.34,NA,63.899,14.327
2018-07-01,18.167,NA,128.017,NA,77.115,14.357
2018-07-02,18.9,NA,159.51,NA,68.68,14.41
2018-07-03,19.998,NA,161.78,NA,57.533,14.497
2018-07-04,18.205,NA,141.173,NA,68.608,14.547
2018-07-05,17.733,NA,146.649,NA,74.25,14.627
2018-07-06,17.281,NA,86.332,NA,78.595,14.729
2018-07-07,18.72,NA,136.621,NA,72.91,14.746
2018-07-08,18.913,NA,109.48,NA,76.208,14.772
2018-07-09,19.113,NA,123.731,NA,73.33,15.016
2018-07-10,17.312,NA,160.677,NA,67.768,15.171
2018-07-11,17.9,NA,146.005,NA,72.623,15.037
2018-07-12,17.531,NA,130.373,NA,70.804,14.978
2018-07-13,16.732,NA,105.016,NA,73.847,15.015
2018-07-14,17.337,NA,126.481,NA,74.718,15.047
2018-07-15,17.016,NA,40.645,NA,85.75,15.058
2018-07-16,14.749,NA,101.364,NA,77.777,15.102
2018-07-17,15.23,NA,77.777,NA,77.971,15.1
2018-07-18,15.323,NA,109.282,NA,72.936,15.065
2018-07-19,14.923,NA,125.758,NA,69.738,15.031
2018-07-20,16.082,NA,55.237,NA,85.45,14.994
2018-07-21,16.68,NA,133.167,NA,76.627,14.961
2018-07-22,20.206,NA,110.635,NA,79.315,14.99
2018-07-23,18.375,NA,66.228,NA,81.323,15.076
2018-07-24,16.333,NA,101.22,NA,72.632,15.374
2018-07-25,17.412,NA,121.454,NA,71.41,15.673
2018-07-26,18.805,NA,62.077,NA,79.637,15.552
2018-07-27,14.815,NA,16.814,NA,85.414,15.543
2018-07-28,13.115,NA,158.577,NA,77.258,15.49
2018-07-29,14.177,NA,73.582,NA,79.65,15.418
2018-07-30,14.237,NA,132.055,NA,75.073,15.332
2018-07-31,14.455,NA,116.342,NA,79.235,15.242
2018-08-01,16.453,NA,32.753,NA,86.829,15.167
2018-08-02,19.435,NA,79.087,NA,84.006,15.098
2018-08-03,18.278,NA,101.815,NA,83.235,15.184
2018-08-04,16.268,NA,85.031,NA,80.313,15.287
2018-08-05,16.025,NA,91.878,NA,80.207,15.359
2018-08-06,15.943,NA,52.701,NA,85.978,15.393
2018-08-07,14.188,NA,74.143,NA,78.73,15.387
2018-08-08,13.488,NA,103.518,NA,76.273,15.338
2018-08-09,11.942,NA,95.21,NA,75.776,15.295
2018-08-10,13.679,NA,109.519,NA,72.052,15.25
2018-08-11,16.018,NA,46.542,NA,86.854,15.25
2018-08-12,16.849,NA,59.145,NA,79.417,15.25
2018-08-13,16.042,NA,65.65,NA,83.36,15.25
2018-08-14,16.99,NA,84.573,NA,83.824,15.25
2018-08-15,17.822,NA,100.003,NA,82.073,15.25
2018-08-16,13.132,NA,72.778,NA,83.78,15.25
2018-08-17,12.542,NA,-3.688,0,87.523,15.25
